{"000022-03.JPG": 1.4925609827041626, "000022-01.JPG":1.4997851848602295, "000022-04.JPG":1.4998106062412262 , "000022-02.JPG": 1.4706181585788727, "0001-02.jpg": 2.0459290742874146, "0001-05.jpg": 2.0497571229934692, "0001-03.jpg": 2.0528431236743927, "0001-04.jpg": 2.1231603622436523, "0001-01.jpg": 2.0404949486255646, "0002-02.jpg": 2.072379916906357, "0002-01.jpg":2.207163691520691 , "0002-03.jpg": 1.8572932183742523, "0002-05.jpg":2.2186444103717804, "0002-04.jpg": 2.100934773683548, "0003-02.jpg": 1.022731900215149, "0003-01.jpg": 1.042982280254364, "0003-03.jpg": 1.0234294533729553, "000042-02.JPG": 0.5004257559776306, "000042-01.JPG": 0.5004257559776306, "000040-03.JPG": 0.9838204383850098, "000040-01.JPG": 0.9862020909786224, "000040-02.JPG": 0.9905947744846344}
